ticker,date,day_index,bin_id,msg_count,bin_rv,prev_rv,fwd_rv
SYNA,2025-01-06,0,0,6156,5.898556562875496,5.898556562875496,0.368202043131081
SYNA,2025-01-06,0,1,12060,0.368202043131081,0.368202043131081,0.1051628446983196
SYNA,2025-01-06,0,2,12249,0.1051628446983196,0.1051628446983196,0.11788155512809621
SYNA,2025-01-06,0,3,11924,0.11788155512809621,0.11788155512809621,0.05428104580046702
SYNA,2025-01-06,0,4,11952,0.05428104580046702,0.05428104580046702,0.04849600047604865
SYNA,2025-01-06,0,5,11902,0.04849600047604865,0.04849600047604865,0.04498268638405602
SYNA,2025-01-06,0,6,12111,0.04498268638405602,0.04498268638405602,0.03358606697880999
SYNA,2025-01-06,0,7,1646,0.03358606697880999,0.03358606697880999,
SYNA,2025-01-07,1,0,5978,10.489990595232218,10.489990595232218,0.5995522594705135
SYNA,2025-01-07,1,1,12136,0.5995522594705135,0.5995522594705135,0.15093347522415212
SYNA,2025-01-07,1,2,12139,0.15093347522415212,0.15093347522415212,0.0705281660704816
SYNA,2025-01-07,1,3,11991,0.0705281660704816,0.0705281660704816,0.10590751676093524
SYNA,2025-01-07,1,4,12154,0.10590751676093524,0.10590751676093524,0.040487609529028676
SYNA,2025-01-07,1,5,12173,0.040487609529028676,0.040487609529028676,0.0524080117803009
SYNA,2025-01-07,1,6,12061,0.0524080117803009,0.0524080117803009,0.008492607057553033
SYNA,2025-01-07,1,7,1368,0.008492607057553033,0.008492607057553033,
SYNA,2025-01-08,2,0,6061,4.847920722079021,4.847920722079021,0.2625155235631584
SYNA,2025-01-08,2,1,11930,0.2625155235631584,0.2625155235631584,0.11393430645530458
SYNA,2025-01-08,2,2,12085,0.11393430645530458,0.11393430645530458,0.11606145361265488
SYNA,2025-01-08,2,3,12048,0.11606145361265488,0.11606145361265488,0.060536756552668415
SYNA,2025-01-08,2,4,11874,0.060536756552668415,0.060536756552668415,0.04923337860268615
SYNA,2025-01-08,2,5,11970,0.04923337860268615,0.04923337860268615,0.03784531075715742
SYNA,2025-01-08,2,6,11916,0.03784531075715742,0.03784531075715742,0.01362395670908814
SYNA,2025-01-08,2,7,2116,0.01362395670908814,0.01362395670908814,
SYNA,2025-01-09,3,0,6018,6.050942872163464,6.050942872163464,0.33487814092050433
SYNA,2025-01-09,3,1,11889,0.33487814092050433,0.33487814092050433,0.1933723063845042
SYNA,2025-01-09,3,2,11912,0.1933723063845042,0.1933723063845042,0.08728660050210464
SYNA,2025-01-09,3,3,11830,0.08728660050210464,0.08728660050210464,0.11232173039010396
SYNA,2025-01-09,3,4,12116,0.11232173039010396,0.11232173039010396,0.04362868128402919
SYNA,2025-01-09,3,5,11982,0.04362868128402919,0.04362868128402919,0.03564754993850212
SYNA,2025-01-09,3,6,11871,0.03564754993850212,0.03564754993850212,0.02356526593507018
SYNA,2025-01-09,3,7,2382,0.02356526593507018,0.02356526593507018,
SYNA,2025-01-10,4,0,6031,6.107088561184379,6.107088561184379,0.3391546984837958
SYNA,2025-01-10,4,1,12244,0.3391546984837958,0.3391546984837958,0.11037790667679415
SYNA,2025-01-10,4,2,11959,0.11037790667679415,0.11037790667679415,0.07696472747619489
SYNA,2025-01-10,4,3,12049,0.07696472747619489,0.07696472747619489,0.053077805455894356
SYNA,2025-01-10,4,4,11920,0.053077805455894356,0.053077805455894356,0.04544417792359815
SYNA,2025-01-10,4,5,11955,0.04544417792359815,0.04544417792359815,0.09700790407372135
SYNA,2025-01-10,4,6,11958,0.09700790407372135,0.09700790407372135,0.04734861567726196
SYNA,2025-01-10,4,7,1884,0.04734861567726196,0.04734861567726196,
SYNA,2025-01-13,5,0,6041,7.259668441460062,7.259668441460062,0.3258806317559993
SYNA,2025-01-13,5,1,11909,0.3258806317559993,0.3258806317559993,0.12340978694637539
SYNA,2025-01-13,5,2,12136,0.12340978694637539,0.12340978694637539,0.0688643988581581
SYNA,2025-01-13,5,3,11920,0.0688643988581581,0.0688643988581581,0.07316858880116019
SYNA,2025-01-13,5,4,12031,0.07316858880116019,0.07316858880116019,0.048838219106556585
SYNA,2025-01-13,5,5,11921,0.048838219106556585,0.048838219106556585,0.04248660734663672
SYNA,2025-01-13,5,6,12149,0.04248660734663672,0.04248660734663672,0.10736721518805294
SYNA,2025-01-13,5,7,1893,0.10736721518805294,0.10736721518805294,
SYNA,2025-01-14,6,0,6038,4.7150265390425234,4.7150265390425234,0.515477992722975
SYNA,2025-01-14,6,1,12063,0.515477992722975,0.515477992722975,0.14837461120362228
SYNA,2025-01-14,6,2,12066,0.14837461120362228,0.14837461120362228,0.08206118209194378
SYNA,2025-01-14,6,3,12105,0.08206118209194378,0.08206118209194378,0.056761494001269154
SYNA,2025-01-14,6,4,12043,0.056761494001269154,0.056761494001269154,0.05428179958834251
SYNA,2025-01-14,6,5,12069,0.05428179958834251,0.05428179958834251,0.05657309979761345
SYNA,2025-01-14,6,6,11946,0.05657309979761345,0.05657309979761345,0.016784980152488232
SYNA,2025-01-14,6,7,1670,0.016784980152488232,0.016784980152488232,
SYNA,2025-01-15,7,0,6175,7.410490389615158,7.410490389615158,0.38962987734047894
SYNA,2025-01-15,7,1,11800,0.38962987734047894,0.38962987734047894,0.13194428251419982
SYNA,2025-01-15,7,2,12169,0.13194428251419982,0.13194428251419982,0.10682278795118393
SYNA,2025-01-15,7,3,12087,0.10682278795118393,0.10682278795118393,0.11070801379381105
SYNA,2025-01-15,7,4,12056,0.11070801379381105,0.11070801379381105,0.058140650995386386
SYNA,2025-01-15,7,5,11863,0.058140650995386386,0.058140650995386386,0.05463414184148066
SYNA,2025-01-15,7,6,12004,0.05463414184148066,0.05463414184148066,0.016016354862071452
SYNA,2025-01-15,7,7,1846,0.016016354862071452,0.016016354862071452,
SYNA,2025-01-16,8,0,6091,4.37645585200479,4.37645585200479,0.9365824741489787
SYNA,2025-01-16,8,1,11791,0.9365824741489787,0.9365824741489787,0.15748695144597258
SYNA,2025-01-16,8,2,11914,0.15748695144597258,0.15748695144597258,0.18916967207991733
SYNA,2025-01-16,8,3,11901,0.18916967207991733,0.18916967207991733,0.07290135235072591
SYNA,2025-01-16,8,4,11969,0.07290135235072591,0.07290135235072591,0.052486593681902415
SYNA,2025-01-16,8,5,11890,0.052486593681902415,0.052486593681902415,0.038584597190156146
SYNA,2025-01-16,8,6,11777,0.038584597190156146,0.038584597190156146,0.01874251900382356
SYNA,2025-01-16,8,7,2667,0.01874251900382356,0.01874251900382356,
SYNA,2025-01-17,9,0,6003,5.073063789730583,5.073063789730583,0.5136353352685301
SYNA,2025-01-17,9,1,12361,0.5136353352685301,0.5136353352685301,0.19860613120829004
SYNA,2025-01-17,9,2,12233,0.19860613120829004,0.19860613120829004,0.09502476706375922
SYNA,2025-01-17,9,3,11980,0.09502476706375922,0.09502476706375922,0.07396687995829687
SYNA,2025-01-17,9,4,12013,0.07396687995829687,0.07396687995829687,0.05517451878757642
SYNA,2025-01-17,9,5,12137,0.05517451878757642,0.05517451878757642,0.04301033316778815
SYNA,2025-01-17,9,6,12171,0.04301033316778815,0.04301033316778815,0.1454507187080294
SYNA,2025-01-17,9,7,1102,0.1454507187080294,0.1454507187080294,
SYNA,2025-01-20,10,0,6126,11.087491429149772,11.087491429149772,0.4139498403960389
SYNA,2025-01-20,10,1,11800,0.4139498403960389,0.4139498403960389,0.29743289293682573
SYNA,2025-01-20,10,2,12074,0.29743289293682573,0.29743289293682573,0.07004784481095408
SYNA,2025-01-20,10,3,12398,0.07004784481095408,0.07004784481095408,0.05607862822230342
SYNA,2025-01-20,10,4,12290,0.05607862822230342,0.05607862822230342,0.037266336241934823
SYNA,2025-01-20,10,5,11965,0.037266336241934823,0.037266336241934823,0.03689985102463713
SYNA,2025-01-20,10,6,11844,0.03689985102463713,0.03689985102463713,0.03684056498423103
SYNA,2025-01-20,10,7,1503,0.03684056498423103,0.03684056498423103,
SYNA,2025-01-21,11,0,5903,5.093075365060096,5.093075365060096,0.3329361779721911
SYNA,2025-01-21,11,1,12021,0.3329361779721911,0.3329361779721911,0.10280133066029525
SYNA,2025-01-21,11,2,11896,0.10280133066029525,0.10280133066029525,0.08285222648628712
SYNA,2025-01-21,11,3,11889,0.08285222648628712,0.08285222648628712,0.06080209187903808
SYNA,2025-01-21,11,4,12124,0.06080209187903808,0.06080209187903808,0.04944465548475402
SYNA,2025-01-21,11,5,11897,0.04944465548475402,0.04944465548475402,0.03321921496367361
SYNA,2025-01-21,11,6,11975,0.03321921496367361,0.03321921496367361,0.016011640210378927
SYNA,2025-01-21,11,7,2295,0.016011640210378927,0.016011640210378927,
SYNA,2025-01-22,12,0,6169,4.346056113303898,4.346056113303898,0.3934328019279163
SYNA,2025-01-22,12,1,11980,0.3934328019279163,0.3934328019279163,0.17050035793546356
SYNA,2025-01-22,12,2,11963,0.17050035793546356,0.17050035793546356,0.12166208960552086
SYNA,2025-01-22,12,3,12027,0.12166208960552086,0.12166208960552086,0.0733818529452827
SYNA,2025-01-22,12,4,11893,0.0733818529452827,0.0733818529452827,0.07430456590877556
SYNA,2025-01-22,12,5,11886,0.07430456590877556,0.07430456590877556,0.06618468879009232
SYNA,2025-01-22,12,6,12103,0.06618468879009232,0.06618468879009232,0.017401144666498957
SYNA,2025-01-22,12,7,1979,0.017401144666498957,0.017401144666498957,
SYNA,2025-01-23,13,0,6088,9.449045208539598,9.449045208539598,0.5159895979127638
SYNA,2025-01-23,13,1,11919,0.5159895979127638,0.5159895979127638,0.14375843038702382
SYNA,2025-01-23,13,2,12112,0.14375843038702382,0.14375843038702382,0.11196226063834164
SYNA,2025-01-23,13,3,11776,0.11196226063834164,0.11196226063834164,0.06566920217913483
SYNA,2025-01-23,13,4,12043,0.06566920217913483,0.06566920217913483,0.0642324087858363
SYNA,2025-01-23,13,5,12140,0.0642324087858363,0.0642324087858363,0.1181900398405695
SYNA,2025-01-23,13,6,12130,0.1181900398405695,0.1181900398405695,0.01042637113430819
SYNA,2025-01-23,13,7,1792,0.01042637113430819,0.01042637113430819,
SYNA,2025-01-24,14,0,6063,4.173962975872372,4.173962975872372,0.27326964650607605
SYNA,2025-01-24,14,1,12165,0.27326964650607605,0.27326964650607605,0.20898245422901862
SYNA,2025-01-24,14,2,12007,0.20898245422901862,0.20898245422901862,0.07858792658113349
SYNA,2025-01-24,14,3,12195,0.07858792658113349,0.07858792658113349,0.06835361649938806
SYNA,2025-01-24,14,4,11906,0.06835361649938806,0.06835361649938806,0.05086024055192724
SYNA,2025-01-24,14,5,12003,0.05086024055192724,0.05086024055192724,0.0365627838679737
SYNA,2025-01-24,14,6,11836,0.0365627838679737,0.0365627838679737,0.014133873615163809
SYNA,2025-01-24,14,7,1825,0.014133873615163809,0.014133873615163809,
SYNA,2025-01-27,15,0,5933,4.8214076172280205,4.8214076172280205,0.5335668320391442
SYNA,2025-01-27,15,1,12216,0.5335668320391442,0.5335668320391442,0.08864401196113185
SYNA,2025-01-27,15,2,12089,0.08864401196113185,0.08864401196113185,0.06970767413963792
SYNA,2025-01-27,15,3,11927,0.06970767413963792,0.06970767413963792,0.05410596554726071
SYNA,2025-01-27,15,4,12235,0.05410596554726071,0.05410596554726071,0.048453916749879755
SYNA,2025-01-27,15,5,12215,0.048453916749879755,0.048453916749879755,0.03897248734952041
SYNA,2025-01-27,15,6,12110,0.03897248734952041,0.03897248734952041,0.012889115182763389
SYNA,2025-01-27,15,7,1275,0.012889115182763389,0.012889115182763389,
SYNB,2025-01-06,0,0,5918,6.632597067766331,6.632597067766331,0.6856621516094573
SYNB,2025-01-06,0,1,12103,0.6856621516094573,0.6856621516094573,0.1676571690495265
SYNB,2025-01-06,0,2,11987,0.1676571690495265,0.1676571690495265,0.09306649580012531
SYNB,2025-01-06,0,3,11963,0.09306649580012531,0.09306649580012531,0.07764738647584904
SYNB,2025-01-06,0,4,11922,0.07764738647584904,0.07764738647584904,0.05158176704543002
SYNB,2025-01-06,0,5,12133,0.05158176704543002,0.05158176704543002,0.04554412225202422
SYNB,2025-01-06,0,6,11967,0.04554412225202422,0.04554412225202422,0.01776164775201272
SYNB,2025-01-06,0,7,2007,0.01776164775201272,0.01776164775201272,
SYNB,2025-01-07,1,0,6059,6.35994856415192,6.35994856415192,0.3247883315749393
SYNB,2025-01-07,1,1,12058,0.3247883315749393,0.3247883315749393,0.11544605655530407
SYNB,2025-01-07,1,2,12224,0.11544605655530407,0.11544605655530407,0.1168295319303411
SYNB,2025-01-07,1,3,12015,0.1168295319303411,0.1168295319303411,0.0952554571986492
SYNB,2025-01-07,1,4,12031,0.0952554571986492,0.0952554571986492,0.10376406880289114
SYNB,2025-01-07,1,5,12086,0.10376406880289114,0.10376406880289114,0.051812307304383264
SYNB,2025-01-07,1,6,12202,0.051812307304383264,0.051812307304383264,0.010501399485742104
SYNB,2025-01-07,1,7,1325,0.010501399485742104,0.010501399485742104,
SYNB,2025-01-08,2,0,5993,3.7877868045696044,3.7877868045696044,0.24915757778979317
SYNB,2025-01-08,2,1,11965,0.24915757778979317,0.24915757778979317,0.12703201305747497
SYNB,2025-01-08,2,2,12016,0.12703201305747497,0.12703201305747497,0.09112013703892025
SYNB,2025-01-08,2,3,12099,0.09112013703892025,0.09112013703892025,0.10600735313726412
SYNB,2025-01-08,2,4,12233,0.10600735313726412,0.10600735313726412,0.05626304776254124
SYNB,2025-01-08,2,5,11913,0.05626304776254124,0.05626304776254124,0.046359665567429306
SYNB,2025-01-08,2,6,11872,0.046359665567429306,0.046359665567429306,0.020060773924270782
SYNB,2025-01-08,2,7,1909,0.020060773924270782,0.020060773924270782,
SYNB,2025-01-09,3,0,5998,8.47391526611684,8.47391526611684,0.846296587689964
SYNB,2025-01-09,3,1,12012,0.846296587689964,0.846296587689964,0.1550430256267289
SYNB,2025-01-09,3,2,12062,0.1550430256267289,0.1550430256267289,0.13964071924768853
SYNB,2025-01-09,3,3,12179,0.13964071924768853,0.13964071924768853,0.08992491947795413
SYNB,2025-01-09,3,4,11978,0.08992491947795413,0.08992491947795413,0.05627162570226765
SYNB,2025-01-09,3,5,12165,0.05627162570226765,0.05627162570226765,0.0460272922870452
SYNB,2025-01-09,3,6,11888,0.0460272922870452,0.0460272922870452,0.014272806419368352
SYNB,2025-01-09,3,7,1718,0.014272806419368352,0.014272806419368352,
SYNB,2025-01-10,4,0,5827,3.385551719104806,3.385551719104806,0.20398568673466866
SYNB,2025-01-10,4,1,11736,0.20398568673466866,0.20398568673466866,0.12181711833779765
SYNB,2025-01-10,4,2,12026,0.12181711833779765,0.12181711833779765,0.06547074836458687
SYNB,2025-01-10,4,3,11963,0.06547074836458687,0.06547074836458687,0.09189845591367106
SYNB,2025-01-10,4,4,12014,0.09189845591367106,0.09189845591367106,0.056716409767319724
SYNB,2025-01-10,4,5,11937,0.056716409767319724,0.056716409767319724,0.040560271043292344
SYNB,2025-01-10,4,6,12087,0.040560271043292344,0.040560271043292344,0.01620834803851774
SYNB,2025-01-10,4,7,2410,0.01620834803851774,0.01620834803851774,
SYNB,2025-01-13,5,0,5987,5.967724423214263,5.967724423214263,0.3619224816731267
SYNB,2025-01-13,5,1,12032,0.3619224816731267,0.3619224816731267,0.12577043876791713
SYNB,2025-01-13,5,2,11906,0.12577043876791713,0.12577043876791713,0.19193902730120457
SYNB,2025-01-13,5,3,12146,0.19193902730120457,0.19193902730120457,0.11713714593618423
SYNB,2025-01-13,5,4,11855,0.11713714593618423,0.11713714593618423,0.05170293312333964
SYNB,2025-01-13,5,5,11793,0.05170293312333964,0.05170293312333964,0.055811852796610564
SYNB,2025-01-13,5,6,12012,0.055811852796610564,0.055811852796610564,0.012571816974087581
SYNB,2025-01-13,5,7,2269,0.012571816974087581,0.012571816974087581,
SYNB,2025-01-14,6,0,6119,2.7037459209807624,2.7037459209807624,0.5146851685154935
SYNB,2025-01-14,6,1,12227,0.5146851685154935,0.5146851685154935,0.11322682477889998
SYNB,2025-01-14,6,2,12107,0.11322682477889998,0.11322682477889998,0.11436384862266055
SYNB,2025-01-14,6,3,12072,0.11436384862266055,0.11436384862266055,0.06852405908797028
SYNB,2025-01-14,6,4,12102,0.06852405908797028,0.06852405908797028,0.0847981752761318
SYNB,2025-01-14,6,5,11965,0.0847981752761318,0.0847981752761318,0.04047618121035816
SYNB,2025-01-14,6,6,12031,0.04047618121035816,0.04047618121035816,0.00757871020095618
SYNB,2025-01-14,6,7,1377,0.00757871020095618,0.00757871020095618,
SYNB,2025-01-15,7,0,5912,2.674985595984671,2.674985595984671,0.4571611237674667
SYNB,2025-01-15,7,1,11842,0.4571611237674667,0.4571611237674667,0.08418988002977457
SYNB,2025-01-15,7,2,12045,0.08418988002977457,0.08418988002977457,0.0778026642353172
SYNB,2025-01-15,7,3,11886,0.0778026642353172,0.0778026642353172,0.1095040629573994
SYNB,2025-01-15,7,4,11988,0.1095040629573994,0.1095040629573994,0.04285681593122816
SYNB,2025-01-15,7,5,12184,0.04285681593122816,0.04285681593122816,0.03665480899327012
SYNB,2025-01-15,7,6,11826,0.03665480899327012,0.03665480899327012,0.020415768097934026
SYNB,2025-01-15,7,7,2317,0.020415768097934026,0.020415768097934026,
SYNB,2025-01-16,8,0,6049,4.640307395019592,4.640307395019592,0.41084689858816004
SYNB,2025-01-16,8,1,12009,0.41084689858816004,0.41084689858816004,0.19622603707364053
SYNB,2025-01-16,8,2,12128,0.19622603707364053,0.19622603707364053,0.1159803130722078
SYNB,2025-01-16,8,3,12046,0.1159803130722078,0.1159803130722078,0.09845938916874773
SYNB,2025-01-16,8,4,12100,0.09845938916874773,0.09845938916874773,0.05553636944308271
SYNB,2025-01-16,8,5,12127,0.05553636944308271,0.05553636944308271,0.05847094587416664
SYNB,2025-01-16,8,6,11930,0.05847094587416664,0.05847094587416664,0.007469258270149122
SYNB,2025-01-16,8,7,1611,0.007469258270149122,0.007469258270149122,
SYNB,2025-01-17,9,0,6144,12.208204544298773,12.208204544298773,0.20504020286021593
SYNB,2025-01-17,9,1,11987,0.20504020286021593,0.20504020286021593,0.1617999410349152
SYNB,2025-01-17,9,2,12199,0.1617999410349152,0.1617999410349152,0.08903771196266055
SYNB,2025-01-17,9,3,11865,0.08903771196266055,0.08903771196266055,0.05629096370236021
SYNB,2025-01-17,9,4,11883,0.05629096370236021,0.05629096370236021,0.04532438625746679
SYNB,2025-01-17,9,5,12275,0.04532438625746679,0.04532438625746679,0.04151724785231902
SYNB,2025-01-17,9,6,11907,0.04151724785231902,0.04151724785231902,0.04792829387161719
SYNB,2025-01-17,9,7,1740,0.04792829387161719,0.04792829387161719,
SYNB,2025-01-20,10,0,6033,6.02566054125708,6.02566054125708,0.23982154069276312
SYNB,2025-01-20,10,1,11990,0.23982154069276312,0.23982154069276312,0.12093429065413307
SYNB,2025-01-20,10,2,12008,0.12093429065413307,0.12093429065413307,0.15705415315590138
SYNB,2025-01-20,10,3,12221,0.15705415315590138,0.15705415315590138,0.06832353585598402
SYNB,2025-01-20,10,4,11837,0.06832353585598402,0.06832353585598402,0.10847671055563884
SYNB,2025-01-20,10,5,11869,0.10847671055563884,0.10847671055563884,0.05477481399266369
SYNB,2025-01-20,10,6,12017,0.05477481399266369,0.05477481399266369,0.015325100061008966
SYNB,2025-01-20,10,7,2025,0.015325100061008966,0.015325100061008966,
SYNB,2025-01-21,11,0,6104,6.834574214048951,6.834574214048951,0.22140994940629083
SYNB,2025-01-21,11,1,11943,0.22140994940629083,0.22140994940629083,0.17244384954954964
SYNB,2025-01-21,11,2,12151,0.17244384954954964,0.17244384954954964,0.09413782864785764
SYNB,2025-01-21,11,3,12117,0.09413782864785764,0.09413782864785764,0.10549332330405872
SYNB,2025-01-21,11,4,12253,0.10549332330405872,0.10549332330405872,0.05896146368903222
SYNB,2025-01-21,11,5,11836,0.05896146368903222,0.05896146368903222,0.04848180581500197
SYNB,2025-01-21,11,6,11863,0.04848180581500197,0.04848180581500197,0.04167249193407348
SYNB,2025-01-21,11,7,1733,0.04167249193407348,0.04167249193407348,
SYNB,2025-01-22,12,0,6141,3.9884044247889965,3.9884044247889965,0.33865828906955014
SYNB,2025-01-22,12,1,11976,0.33865828906955014,0.33865828906955014,0.13102248800462393
SYNB,2025-01-22,12,2,12092,0.13102248800462393,0.13102248800462393,0.12230308248075204
SYNB,2025-01-22,12,3,12006,0.12230308248075204,0.12230308248075204,0.1606558026720748
SYNB,2025-01-22,12,4,12281,0.1606558026720748,0.1606558026720748,0.09638846531957815
SYNB,2025-01-22,12,5,11932,0.09638846531957815,0.09638846531957815,0.029815983284749704
SYNB,2025-01-22,12,6,11932,0.029815983284749704,0.029815983284749704,0.009112746937154055
SYNB,2025-01-22,12,7,1640,0.009112746937154055,0.009112746937154055,
SYNB,2025-01-23,13,0,5867,5.755924963476537,5.755924963476537,0.49009427683154866
SYNB,2025-01-23,13,1,11997,0.49009427683154866,0.49009427683154866,0.20138217342426842
SYNB,2025-01-23,13,2,11867,0.20138217342426842,0.20138217342426842,0.06776767985791214
SYNB,2025-01-23,13,3,12113,0.06776767985791214,0.06776767985791214,0.08595575024779842
SYNB,2025-01-23,13,4,12033,0.08595575024779842,0.08595575024779842,0.06136596462680717
SYNB,2025-01-23,13,5,12049,0.06136596462680717,0.06136596462680717,0.03691455910007106
SYNB,2025-01-23,13,6,12014,0.03691455910007106,0.03691455910007106,0.028122851554117846
SYNB,2025-01-23,13,7,2060,0.028122851554117846,0.028122851554117846,
SYNB,2025-01-24,14,0,6173,6.903980109344339,6.903980109344339,0.36771939986815655
SYNB,2025-01-24,14,1,12134,0.36771939986815655,0.36771939986815655,0.253989805339424
SYNB,2025-01-24,14,2,12113,0.253989805339424,0.253989805339424,0.05261832108575486
SYNB,2025-01-24,14,3,11839,0.05261832108575486,0.05261832108575486,0.050322439979926324
SYNB,2025-01-24,14,4,12078,0.050322439979926324,0.050322439979926324,0.03894768933530071
SYNB,2025-01-24,14,5,11921,0.03894768933530071,0.03894768933530071,0.0340856616686125
SYNB,2025-01-24,14,6,11970,0.0340856616686125,0.0340856616686125,0.012268487398609822
SYNB,2025-01-24,14,7,1772,0.012268487398609822,0.012268487398609822,
SYNB,2025-01-27,15,0,6014,5.485591894302332,5.485591894302332,0.6956540256562105
SYNB,2025-01-27,15,1,11923,0.6956540256562105,0.6956540256562105,0.10011093310675936
SYNB,2025-01-27,15,2,11987,0.10011093310675936,0.10011093310675936,0.09664373158740108
SYNB,2025-01-27,15,3,12113,0.09664373158740108,0.09664373158740108,0.07487928655964732
SYNB,2025-01-27,15,4,11960,0.07487928655964732,0.07487928655964732,0.06284423915680293
SYNB,2025-01-27,15,5,11976,0.06284423915680293,0.06284423915680293,0.046615493209124045
SYNB,2025-01-27,15,6,12060,0.046615493209124045,0.046615493209124045,0.015725274961889656
SYNB,2025-01-27,15,7,1967,0.015725274961889656,0.015725274961889656,
SYNC,2025-01-06,0,0,5904,5.544369852077426,5.544369852077426,0.41033540628911586
SYNC,2025-01-06,0,1,12135,0.41033540628911586,0.41033540628911586,0.1326100894351873
SYNC,2025-01-06,0,2,11952,0.1326100894351873,0.1326100894351873,0.07618556689555087
SYNC,2025-01-06,0,3,11910,0.07618556689555087,0.07618556689555087,0.08859436970457847
SYNC,2025-01-06,0,4,12094,0.08859436970457847,0.08859436970457847,0.04869769178525527
SYNC,2025-01-06,0,5,11967,0.04869769178525527,0.04869769178525527,0.0365343070402128
SYNC,2025-01-06,0,6,12020,0.0365343070402128,0.0365343070402128,0.015871276675596138
SYNC,2025-01-06,0,7,2018,0.015871276675596138,0.015871276675596138,
SYNC,2025-01-07,1,0,6147,5.393512658465156,5.393512658465156,0.3490542089169066
SYNC,2025-01-07,1,1,12017,0.3490542089169066,0.3490542089169066,0.13222398896598306
SYNC,2025-01-07,1,2,12125,0.13222398896598306,0.13222398896598306,0.12492878365200483
SYNC,2025-01-07,1,3,12072,0.12492878365200483,0.12492878365200483,0.10498257795371885
SYNC,2025-01-07,1,4,11816,0.10498257795371885,0.10498257795371885,0.14219319155368731
SYNC,2025-01-07,1,5,11883,0.14219319155368731,0.14219319155368731,0.03448041661562887
SYNC,2025-01-07,1,6,12073,0.03448041661562887,0.03448041661562887,0.019929857210671947
SYNC,2025-01-07,1,7,1867,0.019929857210671947,0.019929857210671947,
SYNC,2025-01-08,2,0,6033,5.715480834575274,5.715480834575274,0.2547374187931947
SYNC,2025-01-08,2,1,12011,0.2547374187931947,0.2547374187931947,0.18517472487348993
SYNC,2025-01-08,2,2,11835,0.18517472487348993,0.18517472487348993,0.16055813560599783
SYNC,2025-01-08,2,3,12069,0.16055813560599783,0.16055813560599783,0.0727350370340429
SYNC,2025-01-08,2,4,12023,0.0727350370340429,0.0727350370340429,0.052416896562449945
SYNC,2025-01-08,2,5,12144,0.052416896562449945,0.052416896562449945,0.06258446132117518
SYNC,2025-01-08,2,6,12009,0.06258446132117518,0.06258446132117518,0.01302297471050578
SYNC,2025-01-08,2,7,1876,0.01302297471050578,0.01302297471050578,
SYNC,2025-01-09,3,0,6057,4.169870836668399,4.169870836668399,0.3629915727523397
SYNC,2025-01-09,3,1,11877,0.3629915727523397,0.3629915727523397,0.13038616389757834
SYNC,2025-01-09,3,2,11951,0.13038616389757834,0.13038616389757834,0.0714274116511301
SYNC,2025-01-09,3,3,12036,0.0714274116511301,0.0714274116511301,0.19952259231194694
SYNC,2025-01-09,3,4,12020,0.19952259231194694,0.19952259231194694,0.098608183811525
SYNC,2025-01-09,3,5,12033,0.098608183811525,0.098608183811525,0.07076115349796976
SYNC,2025-01-09,3,6,11862,0.07076115349796976,0.07076115349796976,0.012171575658274461
SYNC,2025-01-09,3,7,2164,0.012171575658274461,0.012171575658274461,
SYNC,2025-01-10,4,0,6017,6.469247162733501,6.469247162733501,0.4702734538033663
SYNC,2025-01-10,4,1,11927,0.4702734538033663,0.4702734538033663,0.34915343991796616
SYNC,2025-01-10,4,2,12007,0.34915343991796616,0.34915343991796616,0.14872476990228173
SYNC,2025-01-10,4,3,12075,0.14872476990228173,0.14872476990228173,0.07055365567566237
SYNC,2025-01-10,4,4,11756,0.07055365567566237,0.07055365567566237,0.05054633205781379
SYNC,2025-01-10,4,5,11912,0.05054633205781379,0.05054633205781379,0.04285756072743788
SYNC,2025-01-10,4,6,12203,0.04285756072743788,0.04285756072743788,0.009016111383396985
SYNC,2025-01-10,4,7,2103,0.009016111383396985,0.009016111383396985,
SYNC,2025-01-13,5,0,6097,3.3687379228497405,3.3687379228497405,0.3458768038697588
SYNC,2025-01-13,5,1,12178,0.3458768038697588,0.3458768038697588,0.09804401410843756
SYNC,2025-01-13,5,2,11774,0.09804401410843756,0.09804401410843756,0.11237466149004449
SYNC,2025-01-13,5,3,12109,0.11237466149004449,0.11237466149004449,0.0853336889323437
SYNC,2025-01-13,5,4,11806,0.0853336889323437,0.0853336889323437,0.050414592514923015
SYNC,2025-01-13,5,5,11934,0.050414592514923015,0.050414592514923015,0.0364587047086222
SYNC,2025-01-13,5,6,11942,0.0364587047086222,0.0364587047086222,0.01161732592532379
SYNC,2025-01-13,5,7,2160,0.01161732592532379,0.01161732592532379,
SYNC,2025-01-14,6,0,6013,3.768550136347128,3.768550136347128,0.4493998741063656
SYNC,2025-01-14,6,1,12053,0.4493998741063656,0.4493998741063656,0.1592543038317324
SYNC,2025-01-14,6,2,11875,0.1592543038317324,0.1592543038317324,0.14038527911190696
SYNC,2025-01-14,6,3,12025,0.14038527911190696,0.14038527911190696,0.13719226723667016
SYNC,2025-01-14,6,4,11975,0.13719226723667016,0.13719226723667016,0.10838098115497487
SYNC,2025-01-14,6,5,12153,0.10838098115497487,0.10838098115497487,0.054530890515198875
SYNC,2025-01-14,6,6,12256,0.054530890515198875,0.054530890515198875,0.011807000304683344
SYNC,2025-01-14,6,7,1650,0.011807000304683344,0.011807000304683344,
SYNC,2025-01-15,7,0,6138,10.448367655926262,10.448367655926262,0.27084377477560007
SYNC,2025-01-15,7,1,11891,0.27084377477560007,0.27084377477560007,0.14313369828567832
SYNC,2025-01-15,7,2,11887,0.14313369828567832,0.14313369828567832,0.07981342865119594
SYNC,2025-01-15,7,3,11855,0.07981342865119594,0.07981342865119594,0.07345073467725557
SYNC,2025-01-15,7,4,11877,0.07345073467725557,0.07345073467725557,0.29136186172740575
SYNC,2025-01-15,7,5,12061,0.29136186172740575,0.29136186172740575,0.03881165783321418
SYNC,2025-01-15,7,6,11942,0.03881165783321418,0.03881165783321418,0.019740294618225716
SYNC,2025-01-15,7,7,2349,0.019740294618225716,0.019740294618225716,
SYNC,2025-01-16,8,0,6116,6.418795913564696,6.418795913564696,0.3219922839032554
SYNC,2025-01-16,8,1,11944,0.3219922839032554,0.3219922839032554,0.22270822523808856
SYNC,2025-01-16,8,2,11816,0.22270822523808856,0.22270822523808856,0.07756142472154591
SYNC,2025-01-16,8,3,11831,0.07756142472154591,0.07756142472154591,0.04866121591357419
SYNC,2025-01-16,8,4,11880,0.04866121591357419,0.04866121591357419,0.05518036274316237
SYNC,2025-01-16,8,5,11946,0.05518036274316237,0.05518036274316237,0.03875974600987847
SYNC,2025-01-16,8,6,12070,0.03875974600987847,0.03875974600987847,0.012890197239543008
SYNC,2025-01-16,8,7,2397,0.012890197239543008,0.012890197239543008,
SYNC,2025-01-17,9,0,5994,4.264563209248138,4.264563209248138,0.27453158578420567
SYNC,2025-01-17,9,1,12057,0.27453158578420567,0.27453158578420567,0.1432369564217998
SYNC,2025-01-17,9,2,11963,0.1432369564217998,0.1432369564217998,0.24633733309896058
SYNC,2025-01-17,9,3,11918,0.24633733309896058,0.24633733309896058,0.053042116119027635
SYNC,2025-01-17,9,4,11958,0.053042116119027635,0.053042116119027635,0.04488114570911005
SYNC,2025-01-17,9,5,12189,0.04488114570911005,0.04488114570911005,0.0931477766014472
SYNC,2025-01-17,9,6,12043,0.0931477766014472,0.0931477766014472,0.009334860696659026
SYNC,2025-01-17,9,7,1878,0.009334860696659026,0.009334860696659026,
SYNC,2025-01-20,10,0,5917,2.3936508719538274,2.3936508719538274,0.2965232618413602
SYNC,2025-01-20,10,1,11865,0.2965232618413602,0.2965232618413602,0.12954466679197327
SYNC,2025-01-20,10,2,12030,0.12954466679197327,0.12954466679197327,0.1392062813317385
SYNC,2025-01-20,10,3,12071,0.1392062813317385,0.1392062813317385,0.15859374733525283
SYNC,2025-01-20,10,4,11970,0.15859374733525283,0.15859374733525283,0.04634756792080112
SYNC,2025-01-20,10,5,12063,0.04634756792080112,0.04634756792080112,0.03609449984266146
SYNC,2025-01-20,10,6,12129,0.03609449984266146,0.03609449984266146,0.013953501742374527
SYNC,2025-01-20,10,7,1955,0.013953501742374527,0.013953501742374527,
SYNC,2025-01-21,11,0,5928,3.386513796322095,3.386513796322095,0.2731340920022912
SYNC,2025-01-21,11,1,12018,0.2731340920022912,0.2731340920022912,0.15743420023756236
SYNC,2025-01-21,11,2,11991,0.15743420023756236,0.15743420023756236,0.08663360886513624
SYNC,2025-01-21,11,3,11870,0.08663360886513624,0.08663360886513624,0.2017121861096619
SYNC,2025-01-21,11,4,11791,0.2017121861096619,0.2017121861096619,0.034081461349921155
SYNC,2025-01-21,11,5,11886,0.034081461349921155,0.034081461349921155,0.04948899828371592
SYNC,2025-01-21,11,6,11969,0.04948899828371592,0.04948899828371592,0.01432341605829308
SYNC,2025-01-21,11,7,2547,0.01432341605829308,0.01432341605829308,
SYNC,2025-01-22,12,0,5966,8.580726581538583,8.580726581538583,0.36740774907225227
SYNC,2025-01-22,12,1,12006,0.36740774907225227,0.36740774907225227,0.14139329556194094
SYNC,2025-01-22,12,2,11999,0.14139329556194094,0.14139329556194094,0.08492066785753054
SYNC,2025-01-22,12,3,11873,0.08492066785753054,0.08492066785753054,0.05709431178837421
SYNC,2025-01-22,12,4,12068,0.05709431178837421,0.05709431178837421,0.047673723463165
SYNC,2025-01-22,12,5,11991,0.047673723463165,0.047673723463165,0.06437442548065254
SYNC,2025-01-22,12,6,11940,0.06437442548065254,0.06437442548065254,0.013265739362777492
SYNC,2025-01-22,12,7,2157,0.013265739362777492,0.013265739362777492,
SYNC,2025-01-23,13,0,6138,2.9091090312067425,2.9091090312067425,0.33124954110093324
SYNC,2025-01-23,13,1,12046,0.33124954110093324,0.33124954110093324,0.167641189651947
SYNC,2025-01-23,13,2,12265,0.167641189651947,0.167641189651947,0.08121741182100581
SYNC,2025-01-23,13,3,12039,0.08121741182100581,0.08121741182100581,0.05031108540373083
SYNC,2025-01-23,13,4,12165,0.05031108540373083,0.05031108540373083,0.057325699700702615
SYNC,2025-01-23,13,5,11957,0.057325699700702615,0.057325699700702615,0.10432768829645854
SYNC,2025-01-23,13,6,12121,0.10432768829645854,0.10432768829645854,0.010820769655822276
SYNC,2025-01-23,13,7,1269,0.010820769655822276,0.010820769655822276,
SYNC,2025-01-24,14,0,6043,12.348369250522014,12.348369250522014,0.27972253465082103
SYNC,2025-01-24,14,1,11893,0.27972253465082103,0.27972253465082103,0.16852901965271055
SYNC,2025-01-24,14,2,12131,0.16852901965271055,0.16852901965271055,0.07490209955539445
SYNC,2025-01-24,14,3,11842,0.07490209955539445,0.07490209955539445,0.09516275661976488
SYNC,2025-01-24,14,4,12169,0.09516275661976488,0.09516275661976488,0.1146833879108912
SYNC,2025-01-24,14,5,12107,0.1146833879108912,0.1146833879108912,0.03792791496742054
SYNC,2025-01-24,14,6,11819,0.03792791496742054,0.03792791496742054,0.01760376988187208
SYNC,2025-01-24,14,7,1996,0.01760376988187208,0.01760376988187208,
SYNC,2025-01-27,15,0,5975,2.824216639187287,2.824216639187287,0.37207909738031414
SYNC,2025-01-27,15,1,12002,0.37207909738031414,0.37207909738031414,0.20537790012221724
SYNC,2025-01-27,15,2,12028,0.20537790012221724,0.20537790012221724,0.09433778867372274
SYNC,2025-01-27,15,3,12190,0.09433778867372274,0.09433778867372274,0.0787947174282695
SYNC,2025-01-27,15,4,12011,0.0787947174282695,0.0787947174282695,0.048391283677369605
SYNC,2025-01-27,15,5,11942,0.048391283677369605,0.048391283677369605,0.042376116084127814
SYNC,2025-01-27,15,6,11962,0.042376116084127814,0.042376116084127814,0.012931443477153966
SYNC,2025-01-27,15,7,1890,0.012931443477153966,0.012931443477153966,
SYND,2025-01-06,0,0,6036,1.8196035243707411,1.8196035243707411,0.8948851480721758
SYND,2025-01-06,0,1,12024,0.8948851480721758,0.8948851480721758,0.19299474320223153
SYND,2025-01-06,0,2,12095,0.19299474320223153,0.19299474320223153,0.0674627330487756
SYND,2025-01-06,0,3,11996,0.0674627330487756,0.0674627330487756,0.04752601894378281
SYND,2025-01-06,0,4,11909,0.04752601894378281,0.04752601894378281,0.04211302435735651
SYND,2025-01-06,0,5,11896,0.04211302435735651,0.04211302435735651,0.04565620843515221
SYND,2025-01-06,0,6,12079,0.04565620843515221,0.04565620843515221,0.014139707647585077
SYND,2025-01-06,0,7,1965,0.014139707647585077,0.014139707647585077,
SYND,2025-01-07,1,0,6029,6.875684016933343,6.875684016933343,1.8340343816745568
SYND,2025-01-07,1,1,11765,1.8340343816745568,1.8340343816745568,0.16428287298049266
SYND,2025-01-07,1,2,12064,0.16428287298049266,0.16428287298049266,0.10404281388672124
SYND,2025-01-07,1,3,12065,0.10404281388672124,0.10404281388672124,0.05936671382124242
SYND,2025-01-07,1,4,11823,0.05936671382124242,0.05936671382124242,0.04189973507607421
SYND,2025-01-07,1,5,12162,0.04189973507607421,0.04189973507607421,0.03792714501508221
SYND,2025-01-07,1,6,11760,0.03792714501508221,0.03792714501508221,0.012110553316246886
SYND,2025-01-07,1,7,2332,0.012110553316246886,0.012110553316246886,
SYND,2025-01-08,2,0,6117,3.7121231028258963,3.7121231028258963,0.4370021242986443
SYND,2025-01-08,2,1,12103,0.4370021242986443,0.4370021242986443,0.07770720303102602
SYND,2025-01-08,2,2,12084,0.07770720303102602,0.07770720303102602,0.07146711397720623
SYND,2025-01-08,2,3,12026,0.07146711397720623,0.07146711397720623,0.13505445479855446
SYND,2025-01-08,2,4,12124,0.13505445479855446,0.13505445479855446,0.03840401047290513
SYND,2025-01-08,2,5,11988,0.03840401047290513,0.03840401047290513,0.03558401448678617
SYND,2025-01-08,2,6,12083,0.03558401448678617,0.03558401448678617,0.008516244504999389
SYND,2025-01-08,2,7,1475,0.008516244504999389,0.008516244504999389,
SYND,2025-01-09,3,0,5919,3.626879419332774,3.626879419332774,1.4945018095125762
SYND,2025-01-09,3,1,12002,1.4945018095125762,1.4945018095125762,0.14835065907941944
SYND,2025-01-09,3,2,12014,0.14835065907941944,0.14835065907941944,0.09058011763230013
SYND,2025-01-09,3,3,11975,0.09058011763230013,0.09058011763230013,0.05633354455149726
SYND,2025-01-09,3,4,11932,0.05633354455149726,0.05633354455149726,0.049259569333332365
SYND,2025-01-09,3,5,12044,0.049259569333332365,0.049259569333332365,0.06217570867928254
SYND,2025-01-09,3,6,12085,0.06217570867928254,0.06217570867928254,0.013877410104697863
SYND,2025-01-09,3,7,2029,0.013877410104697863,0.013877410104697863,
SYND,2025-01-10,4,0,6121,3.8470639731574865,3.8470639731574865,0.3033855984478497
SYND,2025-01-10,4,1,11823,0.3033855984478497,0.3033855984478497,0.17302874233688553
SYND,2025-01-10,4,2,11902,0.17302874233688553,0.17302874233688553,0.08809032653027435
SYND,2025-01-10,4,3,11832,0.08809032653027435,0.08809032653027435,0.07108205810857673
SYND,2025-01-10,4,4,12141,0.07108205810857673,0.07108205810857673,0.05155390412648499
SYND,2025-01-10,4,5,11999,0.05155390412648499,0.05155390412648499,0.03696118002160014
SYND,2025-01-10,4,6,12147,0.03696118002160014,0.03696118002160014,0.0152346589953456
SYND,2025-01-10,4,7,2035,0.0152346589953456,0.0152346589953456,
SYND,2025-01-13,5,0,6019,8.94966352171775,8.94966352171775,0.8402682204054936
SYND,2025-01-13,5,1,11845,0.8402682204054936,0.8402682204054936,0.13082468856351595
SYND,2025-01-13,5,2,12023,0.13082468856351595,0.13082468856351595,0.09340476828305544
SYND,2025-01-13,5,3,11892,0.09340476828305544,0.09340476828305544,0.08421372280651594
SYND,2025-01-13,5,4,11858,0.08421372280651594,0.08421372280651594,0.0640194666678389
SYND,2025-01-13,5,5,12041,0.0640194666678389,0.0640194666678389,0.0502971227295234
SYND,2025-01-13,5,6,12013,0.0502971227295234,0.0502971227295234,0.020562182427842204
SYND,2025-01-13,5,7,2309,0.020562182427842204,0.020562182427842204,
SYND,2025-01-14,6,0,6036,4.319631009401965,4.319631009401965,0.3321770303634012
SYND,2025-01-14,6,1,12031,0.3321770303634012,0.3321770303634012,0.1742389478251413
SYND,2025-01-14,6,2,11933,0.1742389478251413,0.1742389478251413,0.09791871781265722
SYND,2025-01-14,6,3,11980,0.09791871781265722,0.09791871781265722,0.08673266094614306
SYND,2025-01-14,6,4,11943,0.08673266094614306,0.08673266094614306,0.05814540693718756
SYND,2025-01-14,6,5,11908,0.05814540693718756,0.05814540693718756,0.05451510956949272
SYND,2025-01-14,6,6,12029,0.05451510956949272,0.05451510956949272,0.011256467698967957
SYND,2025-01-14,6,7,2140,0.011256467698967957,0.011256467698967957,
SYND,2025-01-15,7,0,6126,10.383697921026144,10.383697921026144,0.296962005362812
SYND,2025-01-15,7,1,12231,0.296962005362812,0.296962005362812,0.15635774942560685
SYND,2025-01-15,7,2,12185,0.15635774942560685,0.15635774942560685,0.12873971098153403
SYND,2025-01-15,7,3,12039,0.12873971098153403,0.12873971098153403,0.05686190045641607
SYND,2025-01-15,7,4,12079,0.05686190045641607,0.05686190045641607,0.08601324548435942
SYND,2025-01-15,7,5,11984,0.08601324548435942,0.08601324548435942,0.08567402600897754
SYND,2025-01-15,7,6,12035,0.08567402600897754,0.08567402600897754,0.009933598508820175
SYND,2025-01-15,7,7,1321,0.009933598508820175,0.009933598508820175,
SYND,2025-01-16,8,0,5934,4.350700532170774,4.350700532170774,1.2360142104243699
SYND,2025-01-16,8,1,11957,1.2360142104243699,1.2360142104243699,0.1447168886438798
SYND,2025-01-16,8,2,11877,0.1447168886438798,0.1447168886438798,0.09654527395136811
SYND,2025-01-16,8,3,12117,0.09654527395136811,0.09654527395136811,0.06342130633340842
SYND,2025-01-16,8,4,11840,0.06342130633340842,0.06342130633340842,0.06512596003881725
SYND,2025-01-16,8,5,11859,0.06512596003881725,0.06512596003881725,0.09049171661250752
SYND,2025-01-16,8,6,12084,0.09049171661250752,0.09049171661250752,0.016242007329492218
SYND,2025-01-16,8,7,2332,0.016242007329492218,0.016242007329492218,
SYND,2025-01-17,9,0,6033,5.389780343630278,5.389780343630278,0.2072927985035963
SYND,2025-01-17,9,1,12120,0.2072927985035963,0.2072927985035963,0.12581907905866788
SYND,2025-01-17,9,2,12012,0.12581907905866788,0.12581907905866788,0.07438242374954919
SYND,2025-01-17,9,3,12041,0.07438242374954919,0.07438242374954919,0.061554573287517636
SYND,2025-01-17,9,4,12065,0.061554573287517636,0.061554573287517636,0.06276617938494986
SYND,2025-01-17,9,5,12013,0.06276617938494986,0.06276617938494986,0.05896596545745999
SYND,2025-01-17,9,6,12028,0.05896596545745999,0.05896596545745999,0.023352427171294095
SYND,2025-01-17,9,7,1688,0.023352427171294095,0.023352427171294095,
SYND,2025-01-20,10,0,6001,6.7568511225341625,6.7568511225341625,0.49880607674922545
SYND,2025-01-20,10,1,12118,0.49880607674922545,0.49880607674922545,0.0988226993621296
SYND,2025-01-20,10,2,11935,0.0988226993621296,0.0988226993621296,0.09008678209898852
SYND,2025-01-20,10,3,11814,0.09008678209898852,0.09008678209898852,0.05459466056403856
SYND,2025-01-20,10,4,12010,0.05459466056403856,0.05459466056403856,0.1119355616946879
SYND,2025-01-20,10,5,11762,0.1119355616946879,0.1119355616946879,0.035149527937421085
SYND,2025-01-20,10,6,11902,0.035149527937421085,0.035149527937421085,0.011058929049800072
SYND,2025-01-20,10,7,2458,0.011058929049800072,0.011058929049800072,
SYND,2025-01-21,11,0,5912,2.797594635327704,2.797594635327704,1.8745162724628333
SYND,2025-01-21,11,1,11962,1.8745162724628333,1.8745162724628333,0.13270794780206138
SYND,2025-01-21,11,2,12006,0.13270794780206138,0.13270794780206138,0.08623896779532327
SYND,2025-01-21,11,3,12021,0.08623896779532327,0.08623896779532327,0.12289762747894165
SYND,2025-01-21,11,4,12115,0.12289762747894165,0.12289762747894165,0.05194150984574834
SYND,2025-01-21,11,5,11829,0.05194150984574834,0.05194150984574834,0.05283020743771139
SYND,2025-01-21,11,6,12178,0.05283020743771139,0.05283020743771139,0.025269728348401462
SYND,2025-01-21,11,7,1977,0.025269728348401462,0.025269728348401462,
SYND,2025-01-22,12,0,6120,5.863837638507812,5.863837638507812,0.3848078564482693
SYND,2025-01-22,12,1,11897,0.3848078564482693,0.3848078564482693,0.1218461262172271
SYND,2025-01-22,12,2,11948,0.1218461262172271,0.1218461262172271,0.0855735581113914
SYND,2025-01-22,12,3,11952,0.0855735581113914,0.0855735581113914,0.13335597807474062
SYND,2025-01-22,12,4,12037,0.13335597807474062,0.13335597807474062,0.0555964679621292
SYND,2025-01-22,12,5,12066,0.0555964679621292,0.0555964679621292,0.06852360242160606
SYND,2025-01-22,12,6,12138,0.06852360242160606,0.06852360242160606,0.013631484144663636
SYND,2025-01-22,12,7,1842,0.013631484144663636,0.013631484144663636,
SYND,2025-01-23,13,0,5996,5.452964204169727,5.452964204169727,0.24249899307922212
SYND,2025-01-23,13,1,12027,0.24249899307922212,0.24249899307922212,0.24013025600141935
SYND,2025-01-23,13,2,12039,0.24013025600141935,0.24013025600141935,0.08016476335357353
SYND,2025-01-23,13,3,12071,0.08016476335357353,0.08016476335357353,0.04459892006040345
SYND,2025-01-23,13,4,12117,0.04459892006040345,0.04459892006040345,0.05704700957463393
SYND,2025-01-23,13,5,11953,0.05704700957463393,0.05704700957463393,0.06588298864437184
SYND,2025-01-23,13,6,12105,0.06588298864437184,0.06588298864437184,0.018510290388638922
SYND,2025-01-23,13,7,1692,0.018510290388638922,0.018510290388638922,
SYND,2025-01-24,14,0,6039,4.900076306560482,4.900076306560482,0.37017550064822674
SYND,2025-01-24,14,1,12079,0.37017550064822674,0.37017550064822674,0.17369078755893103
SYND,2025-01-24,14,2,12166,0.17369078755893103,0.17369078755893103,0.07086679348634926
SYND,2025-01-24,14,3,11913,0.07086679348634926,0.07086679348634926,0.06448561201339349
SYND,2025-01-24,14,4,11923,0.06448561201339349,0.06448561201339349,0.15153226148026108
SYND,2025-01-24,14,5,12114,0.15153226148026108,0.15153226148026108,0.04376382620591164
SYND,2025-01-24,14,6,12049,0.04376382620591164,0.04376382620591164,0.01016920253870176
SYND,2025-01-24,14,7,1717,0.01016920253870176,0.01016920253870176,
SYND,2025-01-27,15,0,6021,5.869355779432839,5.869355779432839,0.3153828642593494
SYND,2025-01-27,15,1,11896,0.3153828642593494,0.3153828642593494,0.12645132767676326
SYND,2025-01-27,15,2,12006,0.12645132767676326,0.12645132767676326,0.08390538853330738
SYND,2025-01-27,15,3,12122,0.08390538853330738,0.08390538853330738,0.04971106566671711
SYND,2025-01-27,15,4,11916,0.04971106566671711,0.04971106566671711,0.05535454621398614
SYND,2025-01-27,15,5,11995,0.05535454621398614,0.05535454621398614,0.05488184914742659
SYND,2025-01-27,15,6,12014,0.05488184914742659,0.05488184914742659,0.023267260103469058
SYND,2025-01-27,15,7,2030,0.023267260103469058,0.023267260103469058,
SYNE,2025-01-06,0,0,6178,5.871558190550182,5.871558190550182,0.5498670182001644
SYNE,2025-01-06,0,1,12051,0.5498670182001644,0.5498670182001644,0.11338073756282532
SYNE,2025-01-06,0,2,11862,0.11338073756282532,0.11338073756282532,0.10279343854584047
SYNE,2025-01-06,0,3,11841,0.10279343854584047,0.10279343854584047,0.0810636926784486
SYNE,2025-01-06,0,4,11938,0.0810636926784486,0.0810636926784486,0.06153106343227058
SYNE,2025-01-06,0,5,11964,0.06153106343227058,0.06153106343227058,0.09789947025241437
SYNE,2025-01-06,0,6,12109,0.09789947025241437,0.09789947025241437,0.020703103978136926
SYNE,2025-01-06,0,7,2057,0.020703103978136926,0.020703103978136926,
SYNE,2025-01-07,1,0,6057,8.62278069775125,8.62278069775125,0.9440106118249736
SYNE,2025-01-07,1,1,12025,0.9440106118249736,0.9440106118249736,0.17839752020411154
SYNE,2025-01-07,1,2,12068,0.17839752020411154,0.17839752020411154,0.11035160597011963
SYNE,2025-01-07,1,3,11940,0.11035160597011963,0.11035160597011963,0.07059446220529395
SYNE,2025-01-07,1,4,11970,0.07059446220529395,0.07059446220529395,0.04767635569951365
SYNE,2025-01-07,1,5,12028,0.04767635569951365,0.04767635569951365,0.05696220472352692
SYNE,2025-01-07,1,6,12102,0.05696220472352692,0.05696220472352692,0.016624172513660343
SYNE,2025-01-07,1,7,1810,0.016624172513660343,0.016624172513660343,
SYNE,2025-01-08,2,0,6065,6.60692605894749,6.60692605894749,0.2546399897135348
SYNE,2025-01-08,2,1,12089,0.2546399897135348,0.2546399897135348,0.2117915405483776
SYNE,2025-01-08,2,2,12023,0.2117915405483776,0.2117915405483776,0.2942953344217777
SYNE,2025-01-08,2,3,11898,0.2942953344217777,0.2942953344217777,0.04921750940707708
SYNE,2025-01-08,2,4,12103,0.04921750940707708,0.04921750940707708,0.053255684179509585
SYNE,2025-01-08,2,5,11826,0.053255684179509585,0.053255684179509585,0.03802642670219682
SYNE,2025-01-08,2,6,12066,0.03802642670219682,0.03802642670219682,0.022318611606602354
SYNE,2025-01-08,2,7,1930,0.022318611606602354,0.022318611606602354,
SYNE,2025-01-09,3,0,6044,5.472280631609124,5.472280631609124,0.2199585444161926
SYNE,2025-01-09,3,1,12006,0.2199585444161926,0.2199585444161926,0.1843969543611341
SYNE,2025-01-09,3,2,12038,0.1843969543611341,0.1843969543611341,0.11844335233184722
SYNE,2025-01-09,3,3,12008,0.11844335233184722,0.11844335233184722,0.07504318170788396
SYNE,2025-01-09,3,4,12177,0.07504318170788396,0.07504318170788396,0.08756477272191196
SYNE,2025-01-09,3,5,12058,0.08756477272191196,0.08756477272191196,0.044841985844203965
SYNE,2025-01-09,3,6,11944,0.044841985844203965,0.044841985844203965,0.01457736576538025
SYNE,2025-01-09,3,7,1725,0.01457736576538025,0.01457736576538025,
SYNE,2025-01-10,4,0,6210,6.137315589244212,6.137315589244212,0.3690882036033028
SYNE,2025-01-10,4,1,11895,0.3690882036033028,0.3690882036033028,0.15809412866705452
SYNE,2025-01-10,4,2,12070,0.15809412866705452,0.15809412866705452,0.08370490990622279
SYNE,2025-01-10,4,3,11765,0.08370490990622279,0.08370490990622279,0.05279656142516397
SYNE,2025-01-10,4,4,12025,0.05279656142516397,0.05279656142516397,0.07185805375947672
SYNE,2025-01-10,4,5,12015,0.07185805375947672,0.07185805375947672,0.046478375777673615
SYNE,2025-01-10,4,6,12058,0.046478375777673615,0.046478375777673615,0.010706591626604298
SYNE,2025-01-10,4,7,1962,0.010706591626604298,0.010706591626604298,
SYNE,2025-01-13,5,0,6145,4.2875746951943965,4.2875746951943965,0.589820877268935
SYNE,2025-01-13,5,1,11813,0.589820877268935,0.589820877268935,0.1089844734617635
SYNE,2025-01-13,5,2,11918,0.1089844734617635,0.1089844734617635,0.05849098613218494
SYNE,2025-01-13,5,3,12060,0.05849098613218494,0.05849098613218494,0.0607580094851319
SYNE,2025-01-13,5,4,12238,0.0607580094851319,0.0607580094851319,0.04168503205377913
SYNE,2025-01-13,5,5,12133,0.04168503205377913,0.04168503205377913,0.04241472863829644
SYNE,2025-01-13,5,6,11918,0.04241472863829644,0.04241472863829644,0.012337542522238993
SYNE,2025-01-13,5,7,1775,0.012337542522238993,0.012337542522238993,
SYNE,2025-01-14,6,0,5865,4.123407182307414,4.123407182307414,0.3566012246220974
SYNE,2025-01-14,6,1,11902,0.3566012246220974,0.3566012246220974,0.12970250030144426
SYNE,2025-01-14,6,2,11920,0.12970250030144426,0.12970250030144426,0.1311515816309577
SYNE,2025-01-14,6,3,12162,0.1311515816309577,0.1311515816309577,0.05620540320117471
SYNE,2025-01-14,6,4,11990,0.05620540320117471,0.05620540320117471,0.10531147265739352
SYNE,2025-01-14,6,5,11976,0.10531147265739352,0.10531147265739352,0.0533006032191546
SYNE,2025-01-14,6,6,12022,0.0533006032191546,0.0533006032191546,0.013110742251643525
SYNE,2025-01-14,6,7,2163,0.013110742251643525,0.013110742251643525,
SYNE,2025-01-15,7,0,5953,6.0440202511383445,6.0440202511383445,0.23675911070040392
SYNE,2025-01-15,7,1,12016,0.23675911070040392,0.23675911070040392,0.1862797297388691
SYNE,2025-01-15,7,2,11920,0.1862797297388691,0.1862797297388691,0.11314279587975419
SYNE,2025-01-15,7,3,12033,0.11314279587975419,0.11314279587975419,0.062373464426704855
SYNE,2025-01-15,7,4,12065,0.062373464426704855,0.062373464426704855,0.03607196848414428
SYNE,2025-01-15,7,5,11784,0.03607196848414428,0.03607196848414428,0.07981340892116172
SYNE,2025-01-15,7,6,12026,0.07981340892116172,0.07981340892116172,0.00898692308805891
SYNE,2025-01-15,7,7,2203,0.00898692308805891,0.00898692308805891,
SYNE,2025-01-16,8,0,6191,9.967056165126543,9.967056165126543,0.5315406290752057
SYNE,2025-01-16,8,1,12094,0.5315406290752057,0.5315406290752057,0.1726497147590165
SYNE,2025-01-16,8,2,11982,0.1726497147590165,0.1726497147590165,0.11355191084663024
SYNE,2025-01-16,8,3,12168,0.11355191084663024,0.11355191084663024,0.0673817947124526
SYNE,2025-01-16,8,4,11976,0.0673817947124526,0.0673817947124526,0.12541048287114373
SYNE,2025-01-16,8,5,12005,0.12541048287114373,0.12541048287114373,0.053570351770959396
SYNE,2025-01-16,8,6,11968,0.053570351770959396,0.053570351770959396,0.008944258593767369
SYNE,2025-01-16,8,7,1616,0.008944258593767369,0.008944258593767369,
SYNE,2025-01-17,9,0,5910,8.248841847440593,8.248841847440593,0.38721877082516654
SYNE,2025-01-17,9,1,12017,0.38721877082516654,0.38721877082516654,0.12775154229233895
SYNE,2025-01-17,9,2,12074,0.12775154229233895,0.12775154229233895,0.09333047833726058
SYNE,2025-01-17,9,3,11893,0.09333047833726058,0.09333047833726058,0.0625212694252094
SYNE,2025-01-17,9,4,11957,0.0625212694252094,0.0625212694252094,0.10367664329983893
SYNE,2025-01-17,9,5,11952,0.10367664329983893,0.10367664329983893,0.09701951349778279
SYNE,2025-01-17,9,6,11969,0.09701951349778279,0.09701951349778279,0.013202402466797767
SYNE,2025-01-17,9,7,2228,0.013202402466797767,0.013202402466797767,
SYNE,2025-01-20,10,0,6038,9.022158913269534,9.022158913269534,0.3427698176980367
SYNE,2025-01-20,10,1,11950,0.3427698176980367,0.3427698176980367,0.155637687188086
SYNE,2025-01-20,10,2,12007,0.155637687188086,0.155637687188086,0.08446996543758478
SYNE,2025-01-20,10,3,11959,0.08446996543758478,0.08446996543758478,0.07628523793473227
SYNE,2025-01-20,10,4,11987,0.07628523793473227,0.07628523793473227,0.06841245399638596
SYNE,2025-01-20,10,5,12038,0.06841245399638596,0.06841245399638596,0.03979742556556661
SYNE,2025-01-20,10,6,12182,0.03979742556556661,0.03979742556556661,0.01240397426247986
SYNE,2025-01-20,10,7,1839,0.01240397426247986,0.01240397426247986,
SYNE,2025-01-21,11,0,6096,2.8250555632705106,2.8250555632705106,0.7207147959984026
SYNE,2025-01-21,11,1,11852,0.7207147959984026,0.7207147959984026,0.13238910910108453
SYNE,2025-01-21,11,2,12023,0.13238910910108453,0.13238910910108453,0.12495155981126439
SYNE,2025-01-21,11,3,12128,0.12495155981126439,0.12495155981126439,0.0793314397141636
SYNE,2025-01-21,11,4,12004,0.0793314397141636,0.0793314397141636,0.05563737386700292
SYNE,2025-01-21,11,5,12210,0.05563737386700292,0.05563737386700292,0.04304221450712351
SYNE,2025-01-21,11,6,12002,0.04304221450712351,0.04304221450712351,0.011979054337631313
SYNE,2025-01-21,11,7,1685,0.011979054337631313,0.011979054337631313,
SYNE,2025-01-22,12,0,6032,9.219711377430999,9.219711377430999,0.8141697347032294
SYNE,2025-01-22,12,1,12156,0.8141697347032294,0.8141697347032294,0.2190775173792664
SYNE,2025-01-22,12,2,12069,0.2190775173792664,0.2190775173792664,0.10236996636387925
SYNE,2025-01-22,12,3,11893,0.10236996636387925,0.10236996636387925,0.058150470063510054
SYNE,2025-01-22,12,4,11954,0.058150470063510054,0.058150470063510054,0.05439846578242065
SYNE,2025-01-22,12,5,12177,0.05439846578242065,0.05439846578242065,0.05436591237652276
SYNE,2025-01-22,12,6,12120,0.05436591237652276,0.05436591237652276,0.012632828082841609
SYNE,2025-01-22,12,7,1599,0.012632828082841609,0.012632828082841609,
SYNE,2025-01-23,13,0,6058,9.474732193577259,9.474732193577259,0.2619299848670427
SYNE,2025-01-23,13,1,12096,0.2619299848670427,0.2619299848670427,0.1482248914329627
SYNE,2025-01-23,13,2,11797,0.1482248914329627,0.1482248914329627,0.08206713027902883
SYNE,2025-01-23,13,3,12115,0.08206713027902883,0.08206713027902883,0.06733092207989241
SYNE,2025-01-23,13,4,11999,0.06733092207989241,0.06733092207989241,0.10207755422497339
SYNE,2025-01-23,13,5,11976,0.10207755422497339,0.10207755422497339,0.0315203356040548
SYNE,2025-01-23,13,6,12099,0.0315203356040548,0.0315203356040548,0.011745243257872188
SYNE,2025-01-23,13,7,1860,0.011745243257872188,0.011745243257872188,
SYNE,2025-01-24,14,0,6040,5.659540153645777,5.659540153645777,1.074739622780281
SYNE,2025-01-24,14,1,11852,1.074739622780281,1.074739622780281,0.1720284490196153
SYNE,2025-01-24,14,2,11928,0.1720284490196153,0.1720284490196153,0.071633321618681
SYNE,2025-01-24,14,3,11969,0.071633321618681,0.071633321618681,0.19949504548657476
SYNE,2025-01-24,14,4,11913,0.19949504548657476,0.19949504548657476,0.10191846698827124
SYNE,2025-01-24,14,5,12031,0.10191846698827124,0.10191846698827124,0.05980003193829807
SYNE,2025-01-24,14,6,12060,0.05980003193829807,0.05980003193829807,0.015746038767109772
SYNE,2025-01-24,14,7,2207,0.015746038767109772,0.015746038767109772,
SYNE,2025-01-27,15,0,6007,8.028789598752157,8.028789598752157,0.2953259318533075
SYNE,2025-01-27,15,1,12169,0.2953259318533075,0.2953259318533075,0.24810686793987358
SYNE,2025-01-27,15,2,11966,0.24810686793987358,0.24810686793987358,0.086958443318105
SYNE,2025-01-27,15,3,12020,0.086958443318105,0.086958443318105,0.05927164207864005
SYNE,2025-01-27,15,4,12140,0.05927164207864005,0.05927164207864005,0.06685863876048098
SYNE,2025-01-27,15,5,12158,0.06685863876048098,0.06685863876048098,0.04628698023254532
SYNE,2025-01-27,15,6,12044,0.04628698023254532,0.04628698023254532,0.012587169534022502
SYNE,2025-01-27,15,7,1496,0.012587169534022502,0.012587169534022502,
